InputName,InputWebsite,InputPhone,InputFacebook,MatchedDomain,MatchedCompanyCommercialName,MatchedCompanyLegalName,MatchedCompanyAllAvailableNames,MatchedPhones,MatchedSocialLinks,MatchedAddresses,MatchedScore
Acorn Law P.C.,https://https//acornlawpc.com/,,https://www.facebook.com/acornfurnitureworkshops,acornlawpc.com,Acorn Law P.C.,Acorn Law P.C.,Acorn Law P.C. | Acorn Law | Acorn Law P,,,,43.283
Acorn Law P.C.,https://https//acornlawpc.com/,,https://www.facebook.com/acornfurnitureworkshops,romanolawpllc.com,Romano Law,Romano Law PLLC,Romano Law | Romano Law PLLC,+12489362105 | +12487500270,,,15.649
Acorn Law P.C.,https://https//acornlawpc.com/,,https://www.facebook.com/acornfurnitureworkshops,whymessa.com,Why Messa,Why Messa & Associates P.C.,Why Messa | Why Messa & Associates P.C. | ssa & Associates P.C.,+12155683500 | +12158441614 | +12159407700 | +16105185328 | +18568109555 | +18568330600,,,12.817
Acorn Law P.C.,https://https//acornlawpc.com/,,https://www.facebook.com/acornfurnitureworkshops,forcht-law.com,Melan M Forcht Law Offices,,Melan M Forcht Law Offices | Law Office of Melan M. Forcht,,,,11.753
Acorn Law P.C.,https://https//acornlawpc.com/,,https://www.facebook.com/acornfurnitureworkshops,sushirawsf.com,Sushi Raw 4,,Sushi Raw 4 | Sushi Raw,,,,10.433
Acorn Law P.C.,https://https//acornlawpc.com/,,https://www.facebook.com/acornfurnitureworkshops,prashnercpa.com,Prashner CPA,Prashner CPA P.C.,Barbara R. Prashner | Barbara Prashner | Prashner CPA | Prashner CPA P.C. | Barbara R. Prashner CPA P.C.,+15123261440,https://www.facebook.com/Barbara-Prashner-CPA-PC-128144142015 | https://us.linkedin.com/in/barbara-prashner-cpa-p-c-8914127,,10.392
Acorn Law P.C.,https://https//acornlawpc.com/,,https://www.facebook.com/acornfurnitureworkshops,hawaii432.com,Lae Nani 432,,Lae Nani 432 | Enchanting Lae Nani Condo,+18086886855,,,9.395
Acorn Law P.C.,https://https//acornlawpc.com/,,https://www.facebook.com/acornfurnitureworkshops,sanchez-lawn-care-and-landscaping-services.business.site,Sanchez Lawn Care and Landscaping Services,,Sanchez Lawn Care and Landscaping Services | Sanchez Lawn Care & Landscaping Services - Home | Sanchez lawn care,,,,8.381
Acorn Law P.C.,https://https//acornlawpc.com/,,https://www.facebook.com/acornfurnitureworkshops,gamepcfull.com,Game PC Full,,Game PC Full | Game PC.,,,,7.824
Acorn Law P.C.,https://https//acornlawpc.com/,,https://www.facebook.com/acornfurnitureworkshops,muhlbauerlab.com,Muhlbauer Dermatopathology,,Muhlbauer Dermatopathology | Muhlbauer Dermatopathology Lab,,,,7.612
Advance Net Support,," (786) 426-3492",,advancenetsupport.com,Advance Network Support,ADVANCE NETWORK SUPPORT INC,Advance Network Support | ADVANCE NETWORK SUPPORT INC,+17864263492 | +13053066487,https://www.facebook.com/profile.php?id=100064803528337 | https://www.linkedin.com/company/106028228/admin/dashboard/ | https://www.instagram.com/advancenetworksupport/,,29.862
Advance Net Support,," (786) 426-3492",,advance-tcc.com,ADVANCE-TCC,ADVANCE-TCC LLC.,ADVANCE-TCC | ADVANCE-TCC LLC.,,,,16.581
Advance Net Support,," (786) 426-3492",,cancersupportdelaware.org,Cancer Support Community Delaware,,Cancer Support Community Delaware | Cancer Support Group | Cancer Support Community,,,,15.633
Advance Net Support,," (786) 426-3492",,aesgoldmine.com,Advanced Exploration Solutions,,Advanced Exploration Solutions,,,,12.362
Advance Net Support,," (786) 426-3492",,advancedbiblicalstudies.net,Advanced Biblical Studies,Light Ministries International Inc.,Advanced Biblical Studies | Light Ministries International Inc.,,,,9.913
Advance Net Support,," (786) 426-3492",,directjet.com,Direct Jet Charter LLC.,Direct Jet Charter LLC.,Direct Jet Charter LLC. | Direct Jet Charter | Direct Jet,+18002995381,https://www.facebook.com/Direct-Jet-Charter-LLC-123777037688095/,,9.737
Advance Net Support,," (786) 426-3492",,getrazuzz.com,Get Razuzz,,Get Razuzz,,,,9.593
Advance Net Support,," (786) 426-3492",,palaciopet.com,Palacio Pet,,Palacio Pet,,,,9.593
Advance Net Support,," (786) 426-3492",,uomosport.com,Uomo Sport,,Uomo Sport,+13102050407 | +12636431767,https://www.facebook.com/UOMOSPORT2016/ | http://twitter.com/uomo_sport | http://instagram.com/uomo_sport | https://www.linkedin.com/company/uomo-sport,,9.574
Advance Net Support,," (786) 426-3492",,signaturesportsurfaces.com,Signature Sport Surfaces,,Signature Sport Surfaces,,,,8.653
Aroostook,,207.762.9321,,aroostooktechnologies.com,Aroostook Technologies,Aroostook Technologies Inc.,Aroostook Technologies | Aroostook Technologies Inc.,+12077629321,,,17.995
&AWL,awlsnap.com,,,awlsnap.com,Awl Snap Leather Goods,Awl Snap LLC.,Awl Snap Leather Goods | Awl Snap | Awl Snap LLC.,,https://www.facebook.com/awlsnap | http://www.instagram.com/awlsnap,,20.109
&AWL,awlsnap.com,,,myparee.com,Coach AWE LLC.,Coach AWE LLC.,Coach AWE LLC. | Coach Awe,,,,9.290
&AWL,awlsnap.com,,,oneforallartists.com,One For All,,One For All | One for All Artists,+12672544148,https://l.facebook.com/l.php?__tn__=-UK-R&amp;c%5B0%5D=AT3bTqn5E5lHEdZozd1PEOjamu4LOetS3s9sTMt1nMQpTFsr1ZGnq7ucJ6jqvMraXGUe7T7xER1RLVCl84RyY4DwsRtBs5-NqXaFoJ5JNqMG8as-g4HtBY2ciYCG7TlcAoRavw6-mgTtN1NjM__xueOGSvT_6sjqJJPzJ7VFJvVbqdA&amp;h=AT3b37TAbhxGtqA__-EQO_7VJSzrfrxRW2kQQ9c4zTwBzmH2dyUUO7QGk8ZhsJ6CHX5FpM62R28_9d7KBIMRUkStOrMZazwoS0tVj4btCKeM24XGXTNIBV7qU_s004aKD4SXKzk&amp;u=https%3A%2F%2Fbit.ly%2F34VAP9L%3Ffbclid%3DIwAR2PgS79uvyAfGOe1urAmPdCWaDfnau0dvX8ZH8DEHI8J2lnkgfuc9B8Qa0 | http://facebook.com/oneforallartists | https://www.instagram.com/oneforallartists/,,8.365
&AWL,awlsnap.com,,,allcleanhomes.com,All Clean Homes,,All Clean Homes,,,,8.081
&AWL,awlsnap.com,,,al-advertising-diet-store.com,AL Advertising Diet Store,,AL Advertising Diet Store | AL Advertising,,,,6.603
&AWL,awlsnap.com,,,alldolledupspabus.com,All Dolled Up Spa Bus LLC.,All Dolled Up Spa Bus LLC.,All Dolled Up Spa Bus LLC.,,,,6.272
&AWL,awlsnap.com,,,gov.aiogoconsultingllc.com,All-in-One Global Consulting,All-in-One Global Consulting LLC.,WHY PARTNER WITH ALL-IN-ONE GLOBAL CONSULTING LLC. | WHY WORK WITH ALL-IN-ONE GLOBAL CONSULTING LLC. | ll-in-One Global Consulting LLC. | All-in-One Global Consulting LLC. | All-in-One Global Consulting | Global Consulting LLC.,,,,5.406
&AWL,awlsnap.com,,,downeygroupllc.com,Downey Group LLC.,Downey Group LLC.,Downey Group LLC. | The Downey Group | All Division Commercial Products LLC.,,,,4.568
&AWL,awlsnap.com,,,marrs-jonesfuneralhome.com,Marrs-Jones Funeral,,Marrs-Jones Funeral | Marrs-Jones Funeral Home | Marrs-Jones | All Faiths of the Pines,+15122372425,http://www.facebook.com/MarrsJonesFuneralHomeAllFaithsofthePinesChapel/,,3.928
RyanLBatesDDS,google.com,(509) 276-6996,,,,,,,,,0
Cadott Family Restaurant Limited,google.com,715.978.0027,,cadottfamilyrestaurant.com,Cadott Family Restaurant,,Cadott Family Restaurant | Cadott Family,+17159780027,https://www.facebook.com/cadottfamilyrestaurant/ | https://www.instagram.com/cadottfamilyrestaurant/,"https://goo.gl/maps/cZXrxEPq62SAHe6X7 | 641 WI-27, Cadott, WI 54727 (https://goo.gl/maps/cZXrxEPq62SAHe6X7) | 641 S. WI-27Cadott, WI 54727 (https://goo.gl/maps/cZXrxEPq62SAHe6X7)",42.097
Cadott Family Restaurant Limited,google.com,715.978.0027,,janellesrestaurant.com,Janelles Restaurant,,Janelles Restaurant | Janelle’s Caribbean Restaurant,,,,14.953
Cadott Family Restaurant Limited,google.com,715.978.0027,,simplythaidining.com,Simply Thai Restaurant,,Simply Thai Restaurant,+15107931698,,See Google Map (https://goo.gl/maps/acRuKvz3X72xRCQ19),13.007
Cadott Family Restaurant Limited,google.com,715.978.0027,,familyintimacy.com,Family Intimacy,Family Intimacy PLLC,Family Intimacy | Family Intimacy PLLC | Home for Family Intimacy PLLC,+19807295240,,,12.438
Cadott Family Restaurant Limited,google.com,715.978.0027,,lemongrassmichigan.com,Lemon Grass Thai Restaurant,,Lemon Grass Thai Restaurant,+12483357435,https://www.instagram.com/lemongrassmi/ | https://web.facebook.com/pages/lemon-grass-thai-restaurant/170177629663270?_rdc=1&amp;_rdr | https://www.instagram.com/lemongrass_mi/,"3999 Centerpoint Pkwy, Pontiac, MI 48341",11.866
Cadott Family Restaurant Limited,google.com,715.978.0027,,stevensfamilyfarm.webs.com,Stevens Family Farm,,Stevens Family Farm,,,,11.475
Cadott Family Restaurant Limited,google.com,715.978.0027,,powersfamilymedicine.com,Powers Family Medicine,Powers Family Medicine pllc.,Powers Family Medicine | Powers Family Medicine pllc. | Powers Medical,+12484826222,http://www.facebook.com/powersmedicine,,10.804
Cadott Family Restaurant Limited,google.com,715.978.0027,,thephotoboothunlimited.com,PhotoBooth Unlimited,PhotoBooth Unlimited LLC.,PhotoBooth Unlimited | PhotoBooth Unlimited LLC. | Thephotoboothunlimited,+19514121624 | +16513637249,https://m.facebook.com/PhotoBooth-Unlimited-108576848318847/,,10.593
Cadott Family Restaurant Limited,google.com,715.978.0027,,phalanxgrpservices.org,Phalanx Family Services,,Phalanx Family Services | Phalanxfamilyservice,+17732911086,,"837 West 119th Street Chicago, Illinois 60643",10.469
Cadott Family Restaurant Limited,google.com,715.978.0027,,asahisuperdry.com,Asahi Super Dry,Asahi Europe Limited,Asahi Super Dry | Asahi Europe Limited | Asahi Group Holdings Ltd. | Super Dry,,,,10.138
Denham's Florist Inc,http://dreamservicesoftware.com,(706) 685.0182,,denhamsflorist.com,Denham's Florist,,Denham's Florist,,,,32.376
Denham's Florist Inc,http://dreamservicesoftware.com,(706) 685.0182,,aspecialtouchflorist.net,A Special Touch Florist,,A Special Touch Florist,,,,12.418
Denham's Florist Inc,http://dreamservicesoftware.com,(706) 685.0182,,hiddenforestdesign.com,Hidden Forest Design,,Hidden Forest Design | Hidden Forest Floral Design | Hidden Forest,,,,10.190
Denham's Florist Inc,http://dreamservicesoftware.com,(706) 685.0182,,floridaloansigning.com,Florida Loan Signing,FLORIDA LOAN SIGNING LLC.,Florida Loan Signing | FLORIDA LOAN SIGNING LLC.,,,,10.066
Denham's Florist Inc,http://dreamservicesoftware.com,(706) 685.0182,,littlefeetforestschool.org,Little Feet Forest School,,Little Feet Forest School | Little Feet Forest S | Little Feet Forest,+13033588200,https://www.instagram.com/littlefeetforestschool/,,9.506
Denham's Florist Inc,http://dreamservicesoftware.com,(706) 685.0182,,vividsalonmadison.com,Vivid Inc.,Vivid Inc.,Vivid Inc. | Vivid salon,,,,8.011
Denham's Florist Inc,http://dreamservicesoftware.com,(706) 685.0182,,wheeinc.com,Whee Inc.,Whee Inc.,Whee Inc. | Woodruff & Howe Environmental Engineering Inc.,,,,8.011
Denham's Florist Inc,http://dreamservicesoftware.com,(706) 685.0182,,impaxinc.com,IMPAX INC.,IMPAX INC.,IMPAX INC. | Impax Corp.,+17178468004 | +17178456446,,"495 Maryland Ave, York, PA 17404",8.011
Denham's Florist Inc,http://dreamservicesoftware.com,(706) 685.0182,,clockinc.org,Clock Inc.,Clock Inc.,Clock Inc. | Free Clock Inc.,+13095580956,http://facebook.com/clock.inc.qc | https://www.instagram.com/clockinclgbt/ | https://twitter.com/clockincLGBT | https://www.linkedin.com/in/clockinc/ | https://www.facebook.com/designs.chasing,,8.011
Denham's Florist Inc,http://dreamservicesoftware.com,(706) 685.0182,,cousineauforestproducts.com,Cousineau Forest Products,Cousineau Company,Cousineau Forest Products | Cousineau Company,,,,7.612
Garrett-Wietholter-State-Farm-Agent,google.com,(317) 873-3230,,garrettwietholter.com,Garrett Wietholter,Garrett Wietholter Ins Agy Inc.,Garrett Wietholter | Garrett Wietholter - State Farm Insurance Agent | Garrett Wietholter Ins Agy Inc.,+13178738958 | +18557337333 | +13096225001 | +13178733230,https://www.facebook.com/153341281385570 | https://www.linkedin.com/in/garrett-wietholter-b5037a88,,50.240
Garrett-Wietholter-State-Farm-Agent,google.com,(317) 873-3230,,ageanabrett.com,Humboldt County Real Estate Agent,,Humboldt County Real Estate Agent,,,,19.551
Garrett-Wietholter-State-Farm-Agent,google.com,(317) 873-3230,,earthagent.org,Earth Agent,,Earth Agent,,,,15.059
Garrett-Wietholter-State-Farm-Agent,google.com,(317) 873-3230,,sanctuaryfarmphila.org,Sanctuary Farm Phila,,Sanctuary Farm Phila | Sanctuary Farm Philadelphia | Sanctuary Farm,+12677030194,https://www.facebook.com/SanctuaryFarmPhila/ | https://www.instagram.com/sanctuaryfarmphila/,,14.588
Garrett-Wietholter-State-Farm-Agent,google.com,(317) 873-3230,,nefsvt.com,Northeast Farm Services,Northeast Farm Services Inc.,Northeast Farm Service | Northeast Farm Services Inc. | NEFS | Northeast Farm Sales & Service INC. | Northeast Farm Sales & Service | Northeast Farm Services,,https://l.facebook.com/l.php?u=https%3A%2F%2Ftinyurl.com%2FNEFS-Review%3Ffbclid%3DIwZXh0bgNhZW0CMTAAAR2MZ04anwLTflN7PakFVkg3mJg0jp5UitudS43BOj4Ooe0EBNOGZdUsxhY_aem_tiud7hH0vPa9Gqxz8_uwzw&amp;h=AT1F0EJEuRukQQKD82INrwaqfJ0n3TsXvMOuwtXuNHLGdPZpM90coNNxPQz8shXHfL4W-OBv4a_CNLVrGGtLAwoYQNbjZQCvULYybMMGGSHs_fGKwQwBCXBSxASzt3QFKsAk&amp;__tn__=R]-R&amp;c[0]=AT2VwuMB2rNfgTJh7izkEjZ4-yBt1W0jPw67qAg1kplGDJkTDwCSE_UVnp5uZrRorVmo_XFcDudZEqP9iYqO3KrWXsKePI0Z9ImTFOOBYsWEze78N6tUTGA6P6ALqWyekFeHcBgvTb6Ps-JbVfS1Gt_Dd29llQd5lZ6WdsVed3Vpl6l-StfJaZLS0hPWVhCiT9pu1BxWFtf0XmPX0-aS-BXnUqmU4gRXhyLaRg | https://www.facebook.com/NortheastFarmServices/ | https://www.facebook.com/NortheastFarmServices/?ref=hl | https://www.instagram.com/nefsvt/,,12.981
Garrett-Wietholter-State-Farm-Agent,google.com,(317) 873-3230,,carrettausa.com,Carretta USA,Carretta USA Inc.,Carretta USA | Carretta USA Inc.,,,,12.854
Garrett-Wietholter-State-Farm-Agent,google.com,(317) 873-3230,,stevensfamilyfarm.webs.com,Stevens Family Farm,,Stevens Family Farm,,,,12.523
Garrett-Wietholter-State-Farm-Agent,google.com,(317) 873-3230,,gooddogsfarm.com,Good Dogs Farm,,Good Dogs Farm,,,,12.523
Garrett-Wietholter-State-Farm-Agent,google.com,(317) 873-3230,,rustyskate.com,Rusty Skate,Rusty Skate - Broken Jar LLC.,Rusty Skate | Rusty Skate - Broken Jar LLC. | Broken Jar LLC.,,,,9.737
Garrett-Wietholter-State-Farm-Agent,google.com,(317) 873-3230,,bettoli.realtor,Bettoli Real Estate,Bettoli Real Estate LLC.,Bettoli Real Estate | Bettoli | Bettoli Real Estate LLC.,+13053567440,https://facebook.com/NARdotRealtor | https://twitter.com/NARdotREALTOR | https://instagram.com/nardotrealtor/,,9.563
GSS,,,https://www.facebook.com/GSSstrings/,ssmobile.store,SS Mobile,,SS Mobile,,,,8.659
GSS,,,https://www.facebook.com/GSSstrings/,graciejoplin.com,Gracie Humaitá Joplin,,Gracie Humaitá Joplin | Gracie Humaita Joplin Gracie Humaita | Gracie Joplin,+14176215639 | +14178506447,https://www.facebook.com/profile.php?id=1636452124 | https://www.facebook.com/jason.rios.16547008 | https://www.facebook.com/shiloh.burchfield | https://www.facebook.com/rob.gaul.3 | https://www.facebook.com/profile.php?id=100003634880192 | https://www.facebook.com/zach.lawson.54 | https://www.facebook.com/Ghettotacos417 | https://www.facebook.com/graciejoplin | https://www.facebook.com/profile.php?id=100089055761441,,0.543
GSS,,,https://www.facebook.com/GSSstrings/,lorettola.org,Lady of Loretto Parish,,Lady of Loretto Parish | Lady of Loretto Church | Lady of Loretto | Loretto LA,+12134833013,https://www.facebook.com/lorettola | https://www.facebook.com/facebook,,0.529
GSS,,,https://www.facebook.com/GSSstrings/,foreverepoxy.com,Forever Epoxy,,Forever Epoxy,+15068781444 | +15068509956,https://www.facebook.com/epoxy.forever | https://www.facebook.com/forever.epoxy/,,0.529
GSS,,,https://www.facebook.com/GSSstrings/,loudandclaire.com,Loud and Claire,,Loud and Claire | Loud and Claire Voiceover | Vida Health Inc.,+16174162641,https://www.facebook.com/loudandclaire/ | https://www.facebook.com/loudandclaire,,0.529
GSS,,,https://www.facebook.com/GSSstrings/,citycanyons.com,City Canyons,City Canyons LLC.,City Canyons | City Canyons Productions | City Canyons LLC.,+12147483647,https://www.instagram.com/elektragaaz/ | https://www.facebook.com/SynaestheticPictureShow | https://www.facebook.com/ElektronicBuzz/ | https://www.instagram.com/elektragaaz_/ | https://www.facebook.com/UlrichMusic/,,0.507
GSS,,,https://www.facebook.com/GSSstrings/,86fest.com,86FEST,,86FEST,,https://www.instagram.com/86fest/ | https://www.facebook.com/86FEST/ | https://www.facebook.com/CarsWithoutLimits/ | https://instagram.com/socalsd86/ | https://www.facebook.com/events/285767488297736/ | https://instagram.com/azfrs86/ | https://www.facebook.com/TeamTopakRacing,,0.504
GSS,,,https://www.facebook.com/GSSstrings/,clearmirrorhealing.wordpress.com,Clear Mirror Healing,,Clear Mirror Healing | Clear Mirror Healing - Home,,http://www.facebook.com/ClearMirrorHealing | https://www.facebook.com/ClearMirrorHealing,,0.503
GSS,,,https://www.facebook.com/GSSstrings/,horizons.church,Horizons,,Horizons | Horizons Community Church | Horizons Church | Horizons Church Lincoln NE,+14025125700 | +12147483647 | +12147483646,https://www.facebook.com/HorizonsCommunityChurch/ | https://www.instagram.com/horizons_community_church/ | https://www.facebook.com/groups/366999870521503/,,0.489
GSS,,,https://www.facebook.com/GSSstrings/,meroscience.org,MENLO-ATHERTON ECOLOGY RESEARCH OUTDOORS,,MENLO-ATHERTON ECOLOGY RESEARCH OUTDOORS | MENLO-ATHERTON ECOLOGY,+15412310164,https://www.facebook.com/MEROScienceProgram/,,0.478
Hueboost Services //,,(+877) 449-5079,,nefsvt.com,Northeast Farm Services,Northeast Farm Services Inc.,Northeast Farm Service | Northeast Farm Services Inc. | NEFS | Northeast Farm Sales & Service INC. | Northeast Farm Sales & Service | Northeast Farm Services,,https://l.facebook.com/l.php?u=https%3A%2F%2Ftinyurl.com%2FNEFS-Review%3Ffbclid%3DIwZXh0bgNhZW0CMTAAAR2MZ04anwLTflN7PakFVkg3mJg0jp5UitudS43BOj4Ooe0EBNOGZdUsxhY_aem_tiud7hH0vPa9Gqxz8_uwzw&amp;h=AT1F0EJEuRukQQKD82INrwaqfJ0n3TsXvMOuwtXuNHLGdPZpM90coNNxPQz8shXHfL4W-OBv4a_CNLVrGGtLAwoYQNbjZQCvULYybMMGGSHs_fGKwQwBCXBSxASzt3QFKsAk&amp;__tn__=R]-R&amp;c[0]=AT2VwuMB2rNfgTJh7izkEjZ4-yBt1W0jPw67qAg1kplGDJkTDwCSE_UVnp5uZrRorVmo_XFcDudZEqP9iYqO3KrWXsKePI0Z9ImTFOOBYsWEze78N6tUTGA6P6ALqWyekFeHcBgvTb6Ps-JbVfS1Gt_Dd29llQd5lZ6WdsVed3Vpl6l-StfJaZLS0hPWVhCiT9pu1BxWFtf0XmPX0-aS-BXnUqmU4gRXhyLaRg | https://www.facebook.com/NortheastFarmServices/ | https://www.facebook.com/NortheastFarmServices/?ref=hl | https://www.instagram.com/nefsvt/,,11.070
Hueboost Services //,,(+877) 449-5079,,analogique.com,ANALOGIQUE SERVICES LABS,Analogique Service Labs Inc.,ANALOGIQUE SERVICES LABS | Analogique | Analogique Service Labs Inc.,,,,10.533
Hueboost Services //,,(+877) 449-5079,,gsiprint.com,Graphic Services Inc.,Graphic Services Inc.,Graphic Services Inc. | Graphic Services,+12489600077 | +12489600079,,,9.654
Hueboost Services //,,(+877) 449-5079,,buryservices.com,Bury Services,,Bury Services,,,"4358 W Vickery Blvd, Fort Worth, TX 76107",9.290
Hueboost Services //,,(+877) 449-5079,,uniqueservices.us,Unique Services and Bounce palace,,Unique Services and Bounce palace | Unique Services,+13104113 | +12487278967,,,8.693
Hueboost Services //,,(+877) 449-5079,,smallislandent.com,Small Island Services,,Small Island Services,,,,8.397
Hueboost Services //,,(+877) 449-5079,,limitlesscounselingservices.com,Limitless Counseling Services,,Limitless Counseling Services,,,,8.397
Hueboost Services //,,(+877) 449-5079,,elegantdjservices.com,Elegant Dj Services,,Elegant Dj Services,,,,8.397
Hueboost Services //,,(+877) 449-5079,,moorecapitalservices.net,Moore Capital Services,,Moore Capital Services,,,"52 Broadway Suite 3, Greenlawn NY 11740",8.397
Hueboost Services //,,(+877) 449-5079,,dreamservicesoftware.com,Dream Service Software,,Dream Service Software | Dream Service,+12106950795,https://www.linkedin.com/company/dream-service-software | https://www.facebook.com/dreamservicecrm | https://www.instagram.com/dreamservicesoftware/,,8.275
American Inns of Court Company,innsc.com,+1703-684-3590,,innsofcourt.org,American Inns of Court Foundation,,American Inns of Court Foundation | American Inns of Court,,,,50.123
American Inns of Court Company,innsc.com,+1703-684-3590,,juniorchefsofamerica.org,Junior Chefs Of America,,Junior Chefs Of America,,,,19.248
American Inns of Court Company,innsc.com,+1703-684-3590,,arbca.com,Association of Reformed Baptist Churches of America,Arbca Inc.,Association of Reformed Baptist Churches of America | ARBCA | Arbca Inc.,+18178080684,https://www.facebook.com/cba1689 | https://www.instagram.com/cba1689 | https://twitter.com/cba1689,,15.260
American Inns of Court Company,innsc.com,+1703-684-3590,,lifeofbtc.org,Beyond The Court LLC.,Beyond The Court LLC.,Beyond The Court LLC. | The Beyond The Court LLC.,+18035490083,https://www.instagram.com/life.of.btc/ | https://www.facebook.com/Sterling-Council-605921499827431,,13.580
American Inns of Court Company,innsc.com,+1703-684-3590,,1stamc.com,1st American Mortgage Corporation,1st American Mortgage Corporation,1st American Mortgage Corporation,+16264836280 | +16264836281 | +18009444072,https://www.facebook.com/1stAMC/ | https://www.linkedin.com/in/susan-and-manuel-perez-44933012,,13.158
American Inns of Court Company,innsc.com,+1703-684-3590,,virtekcompany.com,VIRTEK COMPANY,VIRTEK COMPANY,VIRTEK COMPANY | Virtek,,,,10.738
American Inns of Court Company,innsc.com,+1703-684-3590,,childcarecompany.org,THE CHILD CARE COMPANY,THE CHILD CARE COMPANY,THE CHILD CARE COMPANY | Child Care Company,,,,10.547
American Inns of Court Company,innsc.com,+1703-684-3590,,yourtowcompany.com,Your Tow Company,Your Tow Company,Your Tow Company,+14258219004,https://www.facebook.com/yourtowcompany | https://www.instagram.com/yourtowco?igshid=NGVhN2U2NjQ0Yg==,,10.188
American Inns of Court Company,innsc.com,+1703-684-3590,,green-graphixz-clothing-company.business.site,Green Graphixz Clothing Company,Green Graphixz Clothing Company,Green Graphixz Clothing Company,,,,9.295
American Inns of Court Company,innsc.com,+1703-684-3590,,salinasidingcompany.com,Salina Siding Company,Salina Siding Company,Salina Siding Company | Salina Siding,+17853908822,https://www.facebook.com/Salina-Siding-Company-104405568676524 | https://www.linkedin.com/company/75604120/,,9.201
JETT Business Technology LTD,https://www.google.com/,(678) 387-5715,,jettbt.com,JETT Business Technology,,JETT Business Technology | UniSys Corporation,+16783875715 | +16783875717,https://www.linkedin.com/company/jett-business-technology?trk=top_nav_home | https://www.facebook.com/JETTBusinessTechnology | https://twitter.com/JETTBusinessTec,"1060 Windward Ridge Pkwy, Suite 150, Alpharetta, GA 30005",33.173
JETT Business Technology LTD,https://www.google.com/,(678) 387-5715,,epertase.com,TIANJIN CONSTRUCTION TECHNOLOGY CO. LTD.,TIANJIN CONSTRUCTION TECHNOLOGY CO. LTD.,TIANJIN CONSTRUCTION TECHNOLOGY CO. LTD.,,,,19.181
JETT Business Technology LTD,https://www.google.com/,(678) 387-5715,,rrrobotictec.com,R&R ROBOTIC TECHNOLOGY,,R&R ROBOTIC TECHNOLOGY | R&R ROBOTIC TECHNOLOG | R&R Robotics,,,,12.943
JETT Business Technology LTD,https://www.google.com/,(678) 387-5715,,abcbni.com,Active Business Connections BNI,,Active Business Connections BNI | Active Business Connections,,,,12.191
JETT Business Technology LTD,https://www.google.com/,(678) 387-5715,,jmbusinesspartners.com,JM Business Partners,JM Business Partners LLC.,JM Business Partners | JM Business Partners LLC.,,,,12.191
JETT Business Technology LTD,https://www.google.com/,(678) 387-5715,,creativebusinessassociates.com,Creative Business Associates,,Creative Business Associates,,,,11.776
JETT Business Technology LTD,https://www.google.com/,(678) 387-5715,,bytheseat.com,Imperium Jets,,Imperium Jets | TukiJets,,,,11.740
JETT Business Technology LTD,https://www.google.com/,(678) 387-5715,,directjet.com,Direct Jet Charter LLC.,Direct Jet Charter LLC.,Direct Jet Charter LLC. | Direct Jet Charter | Direct Jet,+18002995381,https://www.facebook.com/Direct-Jet-Charter-LLC-123777037688095/,,11.718
JETT Business Technology LTD,https://www.google.com/,(678) 387-5715,,belozapp.com,BEL-OZ LTD.,BEL-OZ LTD.,BEL-OZ LTD.,,,,11.565
JETT Business Technology LTD,https://www.google.com/,(678) 387-5715,,ascend-tech.us,Ascendant Software Technology,Ascendant Software Technology LLC.,Ascendant Software Technology | Ascendant Software | Ascendant Software Technology LLC.,,https://www.linkedin.com/company/ascendant-software-technology-llc/ | https://twitter.com/AscendSoftTech,,11.413
NCCA Inc.,,207.762.9321,https://www.facebook.com/musselrockcloggers/,clockinc.org,Clock Inc.,Clock Inc.,Clock Inc. | Free Clock Inc.,+13095580956,http://facebook.com/clock.inc.qc | https://www.instagram.com/clockinclgbt/ | https://twitter.com/clockincLGBT | https://www.linkedin.com/in/clockinc/ | https://www.facebook.com/designs.chasing,,8.349
NCCA Inc.,,207.762.9321,https://www.facebook.com/musselrockcloggers/,vividsalonmadison.com,Vivid Inc.,Vivid Inc.,Vivid Inc. | Vivid salon,,,,8.011
NCCA Inc.,,207.762.9321,https://www.facebook.com/musselrockcloggers/,wheeinc.com,Whee Inc.,Whee Inc.,Whee Inc. | Woodruff & Howe Environmental Engineering Inc.,,,,8.011
NCCA Inc.,,207.762.9321,https://www.facebook.com/musselrockcloggers/,impaxinc.com,IMPAX INC.,IMPAX INC.,IMPAX INC. | Impax Corp.,+17178468004 | +17178456446,,"495 Maryland Ave, York, PA 17404",8.011
NCCA Inc.,,207.762.9321,https://www.facebook.com/musselrockcloggers/,dolee-rentals.com,DoLee Rentals Inc.,DoLee Rentals Inc.,DoLee Rentals Inc. | DOLEE RENTALS | DoLee Rentals Inc. DoLee Rentals,+12294369620 | +12293445037,https://facebook.com/DoLee-Rentals-Inc-141860142549724 | https://twitter.com/DexYPHQ/,"1001 W Oglethorpe Blvd, Albany, GA 31701",6.973
NCCA Inc.,,207.762.9321,https://www.facebook.com/musselrockcloggers/,projectgestalt.com,Project Gestalt Inc.,Project Gestalt Inc.,Project Gestalt Inc. | Project Gestalt,,https://www.linkedin.com/company/project-gestalt/about/ | https://www.linkedin.com/in/patty-clark-2874281bb/ | https://www.linkedin.com/in/neil-glenn-jacobson/,,6.968
NCCA Inc.,,207.762.9321,https://www.facebook.com/musselrockcloggers/,quality-trucking.com,Quality Trucking Inc.,Quality Trucking Inc.,Quality Trucking Inc. | Quality Trucking,,,,6.864
NCCA Inc.,,207.762.9321,https://www.facebook.com/musselrockcloggers/,pacificelectric.biz,Pacific Electric Inc.,Pacific Electric Inc.,Pacific Electric Inc. | Pacific Electric | Electrical Testing & Maintenance Service Inc.,,,,6.864
NCCA Inc.,,207.762.9321,https://www.facebook.com/musselrockcloggers/,ncca-inc.com,Cloggers Association Inc.,Cloggers Association Inc.,Cloggers Association Inc. | Northern California Cloggers Association Inc. | California Cloggers Association Inc.,,,,6.864
NCCA Inc.,,207.762.9321,https://www.facebook.com/musselrockcloggers/,gougeon.com,Gougeon Brothers Inc.,Gougeon Brothers Inc.,Gougeon Brothers Inc. | Gougeon | GOUGEON BROTHERS,,,,6.864
NY AL Elevator,elevator.io,,,nynjelevator.com,NY NJ Elevator Corp.,NY NJ Elevator Corp.,NY NJ Elevator Corp. | Nynjelevator | NY NJ Elevator Co. | NJ Elevator Corp.,+18885693042,https://www.facebook.com/NYNJElevatorCo/ | https://www.linkedin.com/company/ny-nj-elevator-co,,28.842
NY AL Elevator,elevator.io,,,al-advertising-diet-store.com,AL Advertising Diet Store,,AL Advertising Diet Store | AL Advertising,,,,17.053
NY Staffing LLC.,nyexecstaffing.com,,,proexecstaffing.com,Pro-Exec Staffing LLC.,Pro-Exec Staffing LLC.,Pro-Exec Staffing LLC. | Pro Exec Staffing,+17132482245,https://www.facebook.com/proexecstaffing | https://twitter.com/exec_pro | https://linkedin.com/company/pro-exec-staffing,,19.650
NY Staffing LLC.,nyexecstaffing.com,,,nynjelevator.com,NY NJ Elevator Corp.,NY NJ Elevator Corp.,NY NJ Elevator Corp. | Nynjelevator | NY NJ Elevator Co. | NJ Elevator Corp.,+18885693042,https://www.facebook.com/NYNJElevatorCo/ | https://www.linkedin.com/company/ny-nj-elevator-co,,12.977
NY Staffing LLC.,nyexecstaffing.com,,,marketing-page-lindsey.vercel.app,LifeGPA LLC.,LifeGPA LLC.,LifeGPA LLC. | LifeGPA,,,,7.110
NY Staffing LLC.,nyexecstaffing.com,,,cepstone-llc.com,CEPStone LLC.,CEPStone LLC.,CEPStone LLC.,,,,7.110
NY Staffing LLC.,nyexecstaffing.com,,,ravenshire-llc.com,Ravenshire LLC.,Ravenshire LLC.,Ravenshire LLC.,,,,7.110
NY Staffing LLC.,nyexecstaffing.com,,,govirtualoffice.com,goVirtualOffice LLC.,goVirtualOffice LLC.,goVirtualOffice LLC. | Govirtualoffice,,,,7.110
NY Staffing LLC.,nyexecstaffing.com,,,virustarllc.com,ViruStar LLC.,ViruStar LLC.,ViruStar LLC. | VirusStar LLC.,,,,7.110
NY Staffing LLC.,nyexecstaffing.com,,,genfreellc.com,GenFree LLC.,GenFree LLC.,GenFree LLC.,,https://www.facebook.com/100137179118600 | https://www.linkedin.com/company/genfree-llc,,7.110
NY Staffing LLC.,nyexecstaffing.com,,,whitwell-accounting-llc.business.site,Whitwell Accounting LLC.,Whitwell Accounting LLC.,Whitwell Accounting LLC.,,,,6.093
NY Staffing LLC.,nyexecstaffing.com,,,rollmanconyers.com,ROLLMAN & CONYERS LLC.,ROLLMAN & CONYERS LLC.,ROLLMAN & CONYERS LLC. | ROLLMAN & CONYERS | ROLLMAN CONYERS L | ROLLMAN &amp CONYERS LLC.,+15139008858 | +18005718062,,,6.093
Puppet Heap USA,puppet.io,,https://facebook.com/puppetheap,puppetheap.com,Puppet Heap,Puppet Heap LLC.,Puppet Heap | Puppet Heap LLC.,,https://www.facebook.com/puppetheap/ | http://instagram.com/puppetheap | https://www.linkedin.com/company/puppetheap/,,44.669
Puppet Heap USA,puppet.io,,https://facebook.com/puppetheap,carrettausa.com,Carretta USA,Carretta USA Inc.,Carretta USA | Carretta USA Inc.,,,,14.397
Puppet Heap USA,puppet.io,,https://facebook.com/puppetheap,thecheapghostwriter.com,THE CHEAP GHOSTWRITER,,THE CHEAP GHOSTWRITER | Cheap Ghostwriter,,,,13.496
Puppet Heap USA,puppet.io,,https://facebook.com/puppetheap,befeni-usa.com,Befeni USA,Smith79 Inc.,Befeni USA | Smith79 Inc.,,,,12.738
Puppet Heap USA,puppet.io,,https://facebook.com/puppetheap,kathymetzinc.com,Realty Connect USA,,Realty Connect USA,,,,12.523
Puppet Heap USA,puppet.io,,https://facebook.com/puppetheap,karrgroupco.com,Karrgroupco,Platinum Energy USA LLC.,Karrgroupco | Karr Group | Platinum Energy USA LLC.,,,,9.046
Puppet Heap USA,puppet.io,,https://facebook.com/puppetheap,usconstructgroup.com,US Construct Group,US Construction Group Inc.,US Construct Group | US Construction Group Inc. | US Construction Group,,,,6.787
Puppet Heap USA,puppet.io,,https://facebook.com/puppetheap,sacreativedesign.com,SA Creative Design,,SA Creative Design,,,,6.262
Puppet Heap USA,puppet.io,,https://facebook.com/puppetheap,whymessa.com,Why Messa,Why Messa & Associates P.C.,Why Messa | Why Messa & Associates P.C. | ssa & Associates P.C.,+12155683500 | +12158441614 | +12159407700 | +16105185328 | +18568109555 | +18568330600,,,5.295
Puppet Heap USA,puppet.io,,https://facebook.com/puppetheap,cwenergyusa.com,C&W Energy Solutions,C&W Energy Solutions LLC.,Chips & Wafers Inc. | C&W Energy Solutions LLC. | C&W Energy USA | Wafers Inc. | C&W Energy Solutions,+14809981694,https://www.twitter.com/cwenergyusa1 | https://www.facebook.com/cwenergyusa/ | https://www.linkedin.com/company/cwenergy/about/,,5.247
SafetyChain Software Services Pty. Ltd.,https://safetychain.com/about-us,,,safetychain.com,SafetyChain Software,SafetyChain Software Inc.,SafetyChain Software | Safety Chain | SafetyChain Software Inc.,+18882357540,https://www.linkedin.com/company/safetychain-software/ | https://www.facebook.com/safetychain/ | https://www.twitter.com/safetychain,,29.670
SafetyChain Software Services Pty. Ltd.,https://safetychain.com/about-us,,,dreamservicesoftware.com,Dream Service Software,,Dream Service Software | Dream Service,+12106950795,https://www.linkedin.com/company/dream-service-software | https://www.facebook.com/dreamservicecrm | https://www.instagram.com/dreamservicesoftware/,,19.184
SafetyChain Software Services Pty. Ltd.,https://safetychain.com/about-us,,,abreakdisabilityandrespite.com,A Break Disability and Respite,A Break Disability and Respite Services PTY.,A Break Disability and Respite | A Break Disability and Respite Services PTY. | Respite Services PTY LTD. | A Break Disability and Respite Services,+15616183049,,,18.778
SafetyChain Software Services Pty. Ltd.,https://safetychain.com/about-us,,,bubongstore.com,Bubong Store,Covalent Softwares Pvt. Ltd.,Bubong Store | Covalent Softwares Pvt. Ltd. | Ethics Exports Pvt. Ltd.,,,,16.484
SafetyChain Software Services Pty. Ltd.,https://safetychain.com/about-us,,,ascend-tech.us,Ascendant Software Technology,Ascendant Software Technology LLC.,Ascendant Software Technology | Ascendant Software | Ascendant Software Technology LLC.,,https://www.linkedin.com/company/ascendant-software-technology-llc/ | https://twitter.com/AscendSoftTech,,14.606
SafetyChain Software Services Pty. Ltd.,https://safetychain.com/about-us,,,belozapp.com,BEL-OZ LTD.,BEL-OZ LTD.,BEL-OZ LTD.,,,,11.565
SafetyChain Software Services Pty. Ltd.,https://safetychain.com/about-us,,,nefsvt.com,Northeast Farm Services,Northeast Farm Services Inc.,Northeast Farm Service | Northeast Farm Services Inc. | NEFS | Northeast Farm Sales & Service INC. | Northeast Farm Sales & Service | Northeast Farm Services,,https://l.facebook.com/l.php?u=https%3A%2F%2Ftinyurl.com%2FNEFS-Review%3Ffbclid%3DIwZXh0bgNhZW0CMTAAAR2MZ04anwLTflN7PakFVkg3mJg0jp5UitudS43BOj4Ooe0EBNOGZdUsxhY_aem_tiud7hH0vPa9Gqxz8_uwzw&amp;h=AT1F0EJEuRukQQKD82INrwaqfJ0n3TsXvMOuwtXuNHLGdPZpM90coNNxPQz8shXHfL4W-OBv4a_CNLVrGGtLAwoYQNbjZQCvULYybMMGGSHs_fGKwQwBCXBSxASzt3QFKsAk&amp;__tn__=R]-R&amp;c[0]=AT2VwuMB2rNfgTJh7izkEjZ4-yBt1W0jPw67qAg1kplGDJkTDwCSE_UVnp5uZrRorVmo_XFcDudZEqP9iYqO3KrWXsKePI0Z9ImTFOOBYsWEze78N6tUTGA6P6ALqWyekFeHcBgvTb6Ps-JbVfS1Gt_Dd29llQd5lZ6WdsVed3Vpl6l-StfJaZLS0hPWVhCiT9pu1BxWFtf0XmPX0-aS-BXnUqmU4gRXhyLaRg | https://www.facebook.com/NortheastFarmServices/ | https://www.facebook.com/NortheastFarmServices/?ref=hl | https://www.instagram.com/nefsvt/,,11.070
SafetyChain Software Services Pty. Ltd.,https://safetychain.com/about-us,,,analogique.com,ANALOGIQUE SERVICES LABS,Analogique Service Labs Inc.,ANALOGIQUE SERVICES LABS | Analogique | Analogique Service Labs Inc.,,,,10.533
SafetyChain Software Services Pty. Ltd.,https://safetychain.com/about-us,,,gsiprint.com,Graphic Services Inc.,Graphic Services Inc.,Graphic Services Inc. | Graphic Services,+12489600077 | +12489600079,,,9.654
SafetyChain Software Services Pty. Ltd.,https://safetychain.com/about-us,,,silverbaytech.com,Silver Bay Software LLC.,Silver Bay Software LLC.,Silver Bay Software LLC. | Silver Bay Technologies,,https://twitter.com/SilverBayTech,,9.395
SBS*,http://sbstransportllc.com/index.html?lang=en,,https://www.facebook.com/SBS-Transport-LLC-101932885163238,sbstransportllc.com,SBS Transport,SBS Transport LLC.,SBS Transport | SBS Transport LLC.,,https://www.facebook.com/101932885163238 | https://www.instagram.com/sbstransportllc/,,25.010
SBS*,http://sbstransportllc.com/index.html?lang=en,,https://www.facebook.com/SBS-Transport-LLC-101932885163238,yoursbasource.com,Your SBA Source,,Your SBA Source,,,,10.435
SBS*,http://sbstransportllc.com/index.html?lang=en,,https://www.facebook.com/SBS-Transport-LLC-101932885163238,ssmobile.store,SS Mobile,,SS Mobile,,,,8.659
SBS*,http://sbstransportllc.com/index.html?lang=en,,https://www.facebook.com/SBS-Transport-LLC-101932885163238,sbmobilenails.com,SB Mobile Nail,,SB Mobile Nail,+18055549029,,,7.826
SBS*,http://sbstransportllc.com/index.html?lang=en,,https://www.facebook.com/SBS-Transport-LLC-101932885163238,directjet.com,Direct Jet Charter LLC.,Direct Jet Charter LLC.,Direct Jet Charter LLC. | Direct Jet Charter | Direct Jet,+18002995381,https://www.facebook.com/Direct-Jet-Charter-LLC-123777037688095/,,5.155
SBS*,http://sbstransportllc.com/index.html?lang=en,,https://www.facebook.com/SBS-Transport-LLC-101932885163238,continentalfresh.com,Continental Fresh,,Continental Fresh,+13058609611,https://www.linkedin.com/company/continental-fresh-llc/,,5.068
SBS*,http://sbstransportllc.com/index.html?lang=en,,https://www.facebook.com/SBS-Transport-LLC-101932885163238,genfreellc.com,GenFree LLC.,GenFree LLC.,GenFree LLC.,,https://www.facebook.com/100137179118600 | https://www.linkedin.com/company/genfree-llc,,4.967
SBS*,http://sbstransportllc.com/index.html?lang=en,,https://www.facebook.com/SBS-Transport-LLC-101932885163238,hueboost.com,Hue Boost,Hue Boost LLC.,Hue Boost | Hue Boost LLC.,,https://www.facebook.com/Hue-Boost-LLC-107173007758428 | https://www.instagram.com/hue_boost/,,4.771
SBS*,http://sbstransportllc.com/index.html?lang=en,,https://www.facebook.com/SBS-Transport-LLC-101932885163238,ascend-tech.us,Ascendant Software Technology,Ascendant Software Technology LLC.,Ascendant Software Technology | Ascendant Software | Ascendant Software Technology LLC.,,https://www.linkedin.com/company/ascendant-software-technology-llc/ | https://twitter.com/AscendSoftTech,,4.318
SBS*,http://sbstransportllc.com/index.html?lang=en,,https://www.facebook.com/SBS-Transport-LLC-101932885163238,graciejoplin.com,Gracie Humaitá Joplin,,Gracie Humaitá Joplin | Gracie Humaita Joplin Gracie Humaita | Gracie Joplin,+14176215639 | +14178506447,https://www.facebook.com/profile.php?id=1636452124 | https://www.facebook.com/jason.rios.16547008 | https://www.facebook.com/shiloh.burchfield | https://www.facebook.com/rob.gaul.3 | https://www.facebook.com/profile.php?id=100003634880192 | https://www.facebook.com/zach.lawson.54 | https://www.facebook.com/Ghettotacos417 | https://www.facebook.com/graciejoplin | https://www.facebook.com/profile.php?id=100089055761441,,0.543
SteppIR Tree Services,steppir.com,,https://www.facebook.com/SteppIR/,steppir.com,SteppIR Communication Systems,SteppIR Inc.,SteppIR Communication Systems | SteppIR | SteppIR Inc.,,,,26.202
SteppIR Tree Services,steppir.com,,https://www.facebook.com/SteppIR/,hollytreeservice.net,Holly Tree Service. Inc.,Holly Tree Service. Inc.,Holly Tree Service. Inc. | Holly Tree Service,+18454772104,https://facebook.com/profile.php?id=100091209788929 | https://instagram.com/hollytreeservice,,22.494
SteppIR Tree Services,steppir.com,,https://www.facebook.com/SteppIR/,brooklyntreecompany.com,Brooklyn Tree Company,Brooklyn Tree Company,Brooklyn Tree Company | Brooklyn Tree,,,,16.581
SteppIR Tree Services,steppir.com,,https://www.facebook.com/SteppIR/,trueaudio.com,True Audio,,True Audio,+18654943388,,,11.967
SteppIR Tree Services,steppir.com,,https://www.facebook.com/SteppIR/,nefsvt.com,Northeast Farm Services,Northeast Farm Services Inc.,Northeast Farm Service | Northeast Farm Services Inc. | NEFS | Northeast Farm Sales & Service INC. | Northeast Farm Sales & Service | Northeast Farm Services,,https://l.facebook.com/l.php?u=https%3A%2F%2Ftinyurl.com%2FNEFS-Review%3Ffbclid%3DIwZXh0bgNhZW0CMTAAAR2MZ04anwLTflN7PakFVkg3mJg0jp5UitudS43BOj4Ooe0EBNOGZdUsxhY_aem_tiud7hH0vPa9Gqxz8_uwzw&amp;h=AT1F0EJEuRukQQKD82INrwaqfJ0n3TsXvMOuwtXuNHLGdPZpM90coNNxPQz8shXHfL4W-OBv4a_CNLVrGGtLAwoYQNbjZQCvULYybMMGGSHs_fGKwQwBCXBSxASzt3QFKsAk&amp;__tn__=R]-R&amp;c[0]=AT2VwuMB2rNfgTJh7izkEjZ4-yBt1W0jPw67qAg1kplGDJkTDwCSE_UVnp5uZrRorVmo_XFcDudZEqP9iYqO3KrWXsKePI0Z9ImTFOOBYsWEze78N6tUTGA6P6ALqWyekFeHcBgvTb6Ps-JbVfS1Gt_Dd29llQd5lZ6WdsVed3Vpl6l-StfJaZLS0hPWVhCiT9pu1BxWFtf0XmPX0-aS-BXnUqmU4gRXhyLaRg | https://www.facebook.com/NortheastFarmServices/ | https://www.facebook.com/NortheastFarmServices/?ref=hl | https://www.instagram.com/nefsvt/,,11.373
SteppIR Tree Services,steppir.com,,https://www.facebook.com/SteppIR/,truefablespottery.com,True Fables Pottery,,True Fables Pottery,,,,10.817
SteppIR Tree Services,steppir.com,,https://www.facebook.com/SteppIR/,analogique.com,ANALOGIQUE SERVICES LABS,Analogique Service Labs Inc.,ANALOGIQUE SERVICES LABS | Analogique | Analogique Service Labs Inc.,,,,10.533
SteppIR Tree Services,steppir.com,,https://www.facebook.com/SteppIR/,gsiprint.com,Graphic Services Inc.,Graphic Services Inc.,Graphic Services Inc. | Graphic Services,+12489600077 | +12489600079,,,9.654
SteppIR Tree Services,steppir.com,,https://www.facebook.com/SteppIR/,clockinc.org,Clock Inc.,Clock Inc.,Clock Inc. | Free Clock Inc.,+13095580956,http://facebook.com/clock.inc.qc | https://www.instagram.com/clockinclgbt/ | https://twitter.com/clockincLGBT | https://www.linkedin.com/in/clockinc/ | https://www.facebook.com/designs.chasing,,9.411
SteppIR Tree Services,steppir.com,,https://www.facebook.com/SteppIR/,buryservices.com,Bury Services,,Bury Services,,,"4358 W Vickery Blvd, Fort Worth, TX 76107",9.290
Templo Ebenezer Weslaco Holding,,(956) 968-8142,,temploebenezerweslaco.com,TEMPLO EBENEZER WESLACO,,TEMPLO EBENEZER WESLACO,,,,46.959
Templo Ebenezer Weslaco Holding,,(956) 968-8142,,fuecid.shop,FUECID,,FUECID | Store Group Holdings Ltd.,,,,9.786
Templo Ebenezer Weslaco Holding,,(956) 968-8142,,pinilishalpern.com,PinilisHalpern,PinilisHalpern LLP.,PinilisHalpern | PinilisHalpern LLP. | Blair Road Realty Holdings LLC.,+19734011111,,,7.881
Templo Ebenezer Weslaco Holding,,(956) 968-8142,,asahisuperdry.com,Asahi Super Dry,Asahi Europe Limited,Asahi Super Dry | Asahi Europe Limited | Asahi Group Holdings Ltd. | Super Dry,,,,6.256
Templo Ebenezer Weslaco Holding,,(956) 968-8142,,chugiak.org,Chugiak-Eagle River Senior Center,Chugiak Senior Citizens Inc.,Chugiak-Eagle River Senior Center | Chugiak Senior Citiz | Chugiak Senior Citizens Inc. | Chugiak Senior Housing Inc.,,,,4.322
The Greenwich Cincinnati,,+1513-221-1151,,the-greenwich.com,The Greenwich,,The Greenwich,+15132211151,https://www.facebook.com/pages/The-Greenwich/132754124391 | http://www.twitter.com/thegreenwich,,25.918
The Greenwich Cincinnati,,+1513-221-1151,,lifeofbtc.org,Beyond The Court LLC.,Beyond The Court LLC.,Beyond The Court LLC. | The Beyond The Court LLC.,+18035490083,https://www.instagram.com/life.of.btc/ | https://www.facebook.com/Sterling-Council-605921499827431,,8.730
The Greenwich Cincinnati,,+1513-221-1151,,thestonenc.com,Thestonenc,,Thestonenc | The Stone Church | The Stone,,https://www.facebook.com/thestonenc | https://www.instagram.com/thestonech/,,8.470
The Greenwich Cincinnati,,+1513-221-1151,,thebeautyteam.com,THE BEAUTY TEAM LLC.,THE BEAUTY TEAM LLC.,THE BEAUTY TEAM LLC. | The Beauty Team Inc. | THE BEAUTY TEAM,+19089175233,https://www.facebook.com/The-Beauty-Team-NJ-1524388267839855 | https://www.instagram.com/thebeautyteamnj/?hl=en | https://www.linkedin.com/in/daniela-brozkova-3b084b9/,,8.144
The Greenwich Cincinnati,,+1513-221-1151,,the-chimneymasters.com,THE CHIMNEY MASTERS,,THE CHIMNEY MASTERS | The Chimney Masters - Cypress,,,,8.048
The Greenwich Cincinnati,,+1513-221-1151,,themasker.com,The Masker,The SID Masker Inc.,The Masker | Masker | The SID Masker Inc. | SID Masker Inc.,,,,8.011
The Greenwich Cincinnati,,+1513-221-1151,,liveatmontclairapt.com,The Michaels Organization,,The Michaels Organization,+18445991596,https://www.facebook.com/TheMichaelsOrg,,7.774
The Greenwich Cincinnati,,+1513-221-1151,,theconservancyproject.org,The Conservancy Project,,The Conservancy Project,,,,7.774
The Greenwich Cincinnati,,+1513-221-1151,,theburningship.com,The Burning Ship,,The Burning Ship,,,,7.774
The Greenwich Cincinnati,,+1513-221-1151,,antiochassistedliving.com,The Residences Antioch,,The Residences Antioch,,,,7.774
Inc. Mercury,,,https://facebook.com/bluemercury,bluemercury.com,Bluemercury,Bluemercury Inc.,Bluemercury | Bluemercury Inc.,,https://www.instagram.com/bluemercury/ | https://www.facebook.com/bluemercury/,,13.912
Inc. Mercury,,,https://facebook.com/bluemercury,clockinc.org,Clock Inc.,Clock Inc.,Clock Inc. | Free Clock Inc.,+13095580956,http://facebook.com/clock.inc.qc | https://www.instagram.com/clockinclgbt/ | https://twitter.com/clockincLGBT | https://www.linkedin.com/in/clockinc/ | https://www.facebook.com/designs.chasing,,10.285
Inc. Mercury,,,https://facebook.com/bluemercury,dolee-rentals.com,DoLee Rentals Inc.,DoLee Rentals Inc.,DoLee Rentals Inc. | DOLEE RENTALS | DoLee Rentals Inc. DoLee Rentals,+12294369620 | +12293445037,https://facebook.com/DoLee-Rentals-Inc-141860142549724 | https://twitter.com/DexYPHQ/,"1001 W Oglethorpe Blvd, Albany, GA 31701",9.733
Inc. Mercury,,,https://facebook.com/bluemercury,hollytreeservice.net,Holly Tree Service. Inc.,Holly Tree Service. Inc.,Holly Tree Service. Inc. | Holly Tree Service,+18454772104,https://facebook.com/profile.php?id=100091209788929 | https://instagram.com/hollytreeservice,,8.991
Inc. Mercury,,,https://facebook.com/bluemercury,vividsalonmadison.com,Vivid Inc.,Vivid Inc.,Vivid Inc. | Vivid salon,,,,8.011
Inc. Mercury,,,https://facebook.com/bluemercury,wheeinc.com,Whee Inc.,Whee Inc.,Whee Inc. | Woodruff & Howe Environmental Engineering Inc.,,,,8.011
Inc. Mercury,,,https://facebook.com/bluemercury,impaxinc.com,IMPAX INC.,IMPAX INC.,IMPAX INC. | Impax Corp.,+17178468004 | +17178456446,,"495 Maryland Ave, York, PA 17404",8.011
Inc. Mercury,,,https://facebook.com/bluemercury,frenchlakeautoparts.com,French Lake Auto Parts Inc.,French Lake Auto Parts Inc.,French Lake Auto Parts Inc. | French Lake Auto Parts,+13202748497,https://facebook.com/FrenchLakeAutoParts | https://twitter.com/Flapmn | https://instagram.com/accounts/login/?next=%2Ffrenchlakeautoparts%2F,,7.830
Inc. Mercury,,,https://facebook.com/bluemercury,kathrynanndesigns.com,Kathryn Ann Designs,SpitFire Petite Inc.,Kathryn Ann Designs | SpitFire Petite Inc.,+16137485172 | +16137485171,https://facebook.com/Kathrynanndesignsfun | http://instagram.com/kathrynanndesigns,,7.389
Inc. Mercury,,,https://facebook.com/bluemercury,projectgestalt.com,Project Gestalt Inc.,Project Gestalt Inc.,Project Gestalt Inc. | Project Gestalt,,https://www.linkedin.com/company/project-gestalt/about/ | https://www.linkedin.com/in/patty-clark-2874281bb/ | https://www.linkedin.com/in/neil-glenn-jacobson/,,6.968
Total Seal Inc.,,,https://www.facebook.com/totalseal.pistonrings/,totalseal.com,Total Seal Piston Rings,Total Seal Inc.,Total Seal Piston Rings | Total Seal | Total Seal Inc.,,https://www.facebook.com/totalseal.pistonrings/ | https://www.instagram.com/total.seal/,,41.605
Total Seal Inc.,,,https://www.facebook.com/totalseal.pistonrings/,lealvideoproductions.com,Leal Video Productions,,Leal Video Productions,+15104681847,https://www.instagram.com/danroleal/?hl=en | https://www.linkedin.com/in/dan-leal-075993230/,,9.194
Total Seal Inc.,,,https://www.facebook.com/totalseal.pistonrings/,bettoli.realtor,Bettoli Real Estate,Bettoli Real Estate LLC.,Bettoli Real Estate | Bettoli | Bettoli Real Estate LLC.,+13053567440,https://facebook.com/NARdotRealtor | https://twitter.com/NARdotREALTOR | https://instagram.com/nardotrealtor/,,9.088
Total Seal Inc.,,,https://www.facebook.com/totalseal.pistonrings/,returndeals.net,Returns Deals Inc. | Wholesalers liquidator | Sell Your Inventory,Return Deals Inc.,Return Deals Inc. | Return Deals | Returns Deals Inc. | Wholesalers liquidator | Sell Your Inventory | Return Deals at Return Deals | Returns Deals Inc.,+16122073540,,,8.561
Total Seal Inc.,,,https://www.facebook.com/totalseal.pistonrings/,clockinc.org,Clock Inc.,Clock Inc.,Clock Inc. | Free Clock Inc.,+13095580956,http://facebook.com/clock.inc.qc | https://www.instagram.com/clockinclgbt/ | https://twitter.com/clockincLGBT | https://www.linkedin.com/in/clockinc/ | https://www.facebook.com/designs.chasing,,8.349
Total Seal Inc.,,,https://www.facebook.com/totalseal.pistonrings/,highwayonerealestate.com,Highway One Real Estate,,Highway One Real Estate,,,,8.294
Total Seal Inc.,,,https://www.facebook.com/totalseal.pistonrings/,fynres.com,Fyn Real Estate Services,,Fyn Real Estate Services,+19543243793,,,8.294
Total Seal Inc.,,,https://www.facebook.com/totalseal.pistonrings/,vividsalonmadison.com,Vivid Inc.,Vivid Inc.,Vivid Inc. | Vivid salon,,,,8.011
Total Seal Inc.,,,https://www.facebook.com/totalseal.pistonrings/,wheeinc.com,Whee Inc.,Whee Inc.,Whee Inc. | Woodruff & Howe Environmental Engineering Inc.,,,,8.011
Total Seal Inc.,,,https://www.facebook.com/totalseal.pistonrings/,impaxinc.com,IMPAX INC.,IMPAX INC.,IMPAX INC. | Impax Corp.,+17178468004 | +17178456446,,"495 Maryland Ave, York, PA 17404",8.011
True Audio Services,trueaudio.com,865-494-3388,,trueaudio.com,True Audio,,True Audio,+18654943388,,,39.771
True Audio Services,trueaudio.com,865-494-3388,,hollytreeservice.net,Holly Tree Service. Inc.,Holly Tree Service. Inc.,Holly Tree Service. Inc. | Holly Tree Service,+18454772104,https://facebook.com/profile.php?id=100091209788929 | https://instagram.com/hollytreeservice,,18.649
True Audio Services,trueaudio.com,865-494-3388,,audinashville.com,Audi Nashville Service Center,,Audi Nashville Service Center | Audi Nashville,,,,18.377
True Audio Services,trueaudio.com,865-494-3388,,truefablespottery.com,True Fables Pottery,,True Fables Pottery,,,,14.422
True Audio Services,trueaudio.com,865-494-3388,,brooklyntreecompany.com,Brooklyn Tree Company,Brooklyn Tree Company,Brooklyn Tree Company | Brooklyn Tree,,,,12.436
True Audio Services,trueaudio.com,865-494-3388,,nefsvt.com,Northeast Farm Services,Northeast Farm Services Inc.,Northeast Farm Service | Northeast Farm Services Inc. | NEFS | Northeast Farm Sales & Service INC. | Northeast Farm Sales & Service | Northeast Farm Services,,https://l.facebook.com/l.php?u=https%3A%2F%2Ftinyurl.com%2FNEFS-Review%3Ffbclid%3DIwZXh0bgNhZW0CMTAAAR2MZ04anwLTflN7PakFVkg3mJg0jp5UitudS43BOj4Ooe0EBNOGZdUsxhY_aem_tiud7hH0vPa9Gqxz8_uwzw&amp;h=AT1F0EJEuRukQQKD82INrwaqfJ0n3TsXvMOuwtXuNHLGdPZpM90coNNxPQz8shXHfL4W-OBv4a_CNLVrGGtLAwoYQNbjZQCvULYybMMGGSHs_fGKwQwBCXBSxASzt3QFKsAk&amp;__tn__=R]-R&amp;c[0]=AT2VwuMB2rNfgTJh7izkEjZ4-yBt1W0jPw67qAg1kplGDJkTDwCSE_UVnp5uZrRorVmo_XFcDudZEqP9iYqO3KrWXsKePI0Z9ImTFOOBYsWEze78N6tUTGA6P6ALqWyekFeHcBgvTb6Ps-JbVfS1Gt_Dd29llQd5lZ6WdsVed3Vpl6l-StfJaZLS0hPWVhCiT9pu1BxWFtf0XmPX0-aS-BXnUqmU4gRXhyLaRg | https://www.facebook.com/NortheastFarmServices/ | https://www.facebook.com/NortheastFarmServices/?ref=hl | https://www.instagram.com/nefsvt/,,11.070
True Audio Services,trueaudio.com,865-494-3388,,analogique.com,ANALOGIQUE SERVICES LABS,Analogique Service Labs Inc.,ANALOGIQUE SERVICES LABS | Analogique | Analogique Service Labs Inc.,,,,10.533
True Audio Services,trueaudio.com,865-494-3388,,gsiprint.com,Graphic Services Inc.,Graphic Services Inc.,Graphic Services Inc. | Graphic Services,+12489600077 | +12489600079,,,9.654
True Audio Services,trueaudio.com,865-494-3388,,buryservices.com,Bury Services,,Bury Services,,,"4358 W Vickery Blvd, Fort Worth, TX 76107",9.290
True Audio Services,trueaudio.com,865-494-3388,,uniqueservices.us,Unique Services and Bounce palace,,Unique Services and Bounce palace | Unique Services,+13104113 | +12487278967,,,8.693
ViruStar LLC.,viru.com,,,virustarllc.com,ViruStar LLC.,ViruStar LLC.,ViruStar LLC. | VirusStar LLC.,,,,32.580
ViruStar LLC.,viru.com,,,marketing-page-lindsey.vercel.app,LifeGPA LLC.,LifeGPA LLC.,LifeGPA LLC. | LifeGPA,,,,7.110
ViruStar LLC.,viru.com,,,cepstone-llc.com,CEPStone LLC.,CEPStone LLC.,CEPStone LLC.,,,,7.110
ViruStar LLC.,viru.com,,,ravenshire-llc.com,Ravenshire LLC.,Ravenshire LLC.,Ravenshire LLC.,,,,7.110
ViruStar LLC.,viru.com,,,govirtualoffice.com,goVirtualOffice LLC.,goVirtualOffice LLC.,goVirtualOffice LLC. | Govirtualoffice,,,,7.110
ViruStar LLC.,viru.com,,,genfreellc.com,GenFree LLC.,GenFree LLC.,GenFree LLC.,,https://www.facebook.com/100137179118600 | https://www.linkedin.com/company/genfree-llc,,7.110
ViruStar LLC.,viru.com,,,whitwell-accounting-llc.business.site,Whitwell Accounting LLC.,Whitwell Accounting LLC.,Whitwell Accounting LLC.,,,,6.093
ViruStar LLC.,viru.com,,,rollmanconyers.com,ROLLMAN & CONYERS LLC.,ROLLMAN & CONYERS LLC.,ROLLMAN & CONYERS LLC. | ROLLMAN & CONYERS | ROLLMAN CONYERS L | ROLLMAN &amp CONYERS LLC.,+15139008858 | +18005718062,,,6.093
ViruStar LLC.,viru.com,,,castor-group.com,Castor Group LLC.,Castor Group LLC.,Castor Group LLC. | Castor Group,,,,6.093
ViruStar LLC.,viru.com,,,downeygroupllc.com,Downey Group LLC.,Downey Group LLC.,Downey Group LLC. | The Downey Group | All Division Commercial Products LLC.,,,,6.093
W. Works Holding(s),wworks.net,,,wombatworks.org,Wombat Works,Wombat Works LLC.,Wombat Works | Wombat Works LLC.,,https://www.facebook.com/wombatworksllc | https://twitter.com/WombatWorks,,15.649
W. Works Holding(s),wworks.net,,,imageworksdirect.com,Image Works,Image Works Ltd.,Image Works | Image.works financial | Image Works Ltd. | Image.works Inc.,,https://www.facebook.com/imageworksdirect | https://www.instagram.com/imageworksdirect/ | https://www.linkedin.com/company/image-works-direct,,13.496
W. Works Holding(s),wworks.net,,,gsbphoto.com,Gordon S Bernstein Photo,,Gordon S Bernstein Photo | Bernstein Gordon S,,,,13.465
W. Works Holding(s),wworks.net,,,skdesignbuildllc.com,S&K Design-Build,S&K Design Build LLC.,S&K Design-Build | S&K Design Build LLC.,+15206222590 | +14067457500 | +15207420457 | +14067457506,https://twitter.com/SK_Technologies | https://www.facebook.com/sktcorp | https://www.linkedin.com/company/s&amp;k-technologies/,,12.247
W. Works Holding(s),wworks.net,,,cwenergyusa.com,C&W Energy Solutions,C&W Energy Solutions LLC.,Chips & Wafers Inc. | C&W Energy Solutions LLC. | C&W Energy USA | Wafers Inc. | C&W Energy Solutions,+14809981694,https://www.twitter.com/cwenergyusa1 | https://www.facebook.com/cwenergyusa/ | https://www.linkedin.com/company/cwenergy/about/,,12.234
W. Works Holding(s),wworks.net,,,cedarwork.org,Cedar Work,,Cedar Work | Cedar Work International,,,,11.737
W. Works Holding(s),wworks.net,,,awbrueggemann.com,A W Brueggemann Co.,A W Brueggemann Co.,A W Brueggemann Co. | A.W. Brueggemann | A.W. Brueggemann Company Inc.,+15802370068 | +15802373857,,,10.117
W. Works Holding(s),wworks.net,,,fuecid.shop,FUECID,,FUECID | Store Group Holdings Ltd.,,,,9.786
W. Works Holding(s),wworks.net,,,drariatirakic.com,Ariati,,"Ariati | Rakic, Ariati S Phd | Dr. Ariati Rakic",,,,8.785
W. Works Holding(s),wworks.net,,,workitstudio.com,Work It! Studio by WandaWoman,Forge Marketing & Management Pty.,Work It! Studio by WandaWoman | Work It! Studio | Forge Marketing & Management Pty.,,,,8.464
Forge Marketing & Management Pty.,,,https://www.facebook.com/workitstudio/,workitstudio.com,Work It! Studio by WandaWoman,Forge Marketing & Management Pty.,Work It! Studio by WandaWoman | Work It! Studio | Forge Marketing & Management Pty.,,,,37.408
Forge Marketing & Management Pty.,,,https://www.facebook.com/workitstudio/,clarionstl.com,Clarion Marketing,,Clarion Marketing,,,,13.855
Forge Marketing & Management Pty.,,,https://www.facebook.com/workitstudio/,independenthotelmarketinggroup.com,Independent Hotel Marketing,,Independent Hotel Marketing | INDEPENDENT HOTEL MARKETING GROUP,+15189610275,https://www.facebook.com/IndependentHotelMarketing/ | https://twitter.com/IHMarketingTeam | https://www.linkedin.com/company/4984906/,,13.356
Forge Marketing & Management Pty.,,,https://www.facebook.com/workitstudio/,azrielassetmgmt.com,Azriel Asset Management,,Azriel Asset Management,+17185646232,,"3512 Quentin Road, Suite 202 Brooklyn, NY 11234 (https://goo.gl/maps/mGo2aWrzwJQxYdAV9)",12.121
Forge Marketing & Management Pty.,,,https://www.facebook.com/workitstudio/,designedbycarla.com,Designedbycarla,,Designedbycarla | Designedbycarla Marketing Agency,,https://www.facebook.com/designedbycarla | https://www.instagram.com/designedbycarla/ | https://www.linkedin.com/company/designedbycarla,,11.817
Forge Marketing & Management Pty.,,,https://www.facebook.com/workitstudio/,themarketinggroupaz.com,Themarketinggroupaz,,Themarketinggroupaz | The Marketing Group,,,,11.425
Forge Marketing & Management Pty.,,,https://www.facebook.com/workitstudio/,ohanaconsulting.net,Ohana Management Consulting,,Ohana Management Consulting | OhanaConsulting,+19492307919,,,11.058
Forge Marketing & Management Pty.,,,https://www.facebook.com/workitstudio/,myacem.com,Corporate Event Management Inc.,Corporate Event Management Inc.,Corporate Event Management Inc. | Association & Corporate Event Management Services Inc. | Association & Corporate Event Management Inc. | ACEM INC.,,,,10.569
Forge Marketing & Management Pty.,,,https://www.facebook.com/workitstudio/,gforcefoundation.com,G-Force Foundation,High School EVHS in Gypsum CO.,G-Force Foundation | High School EVHS in Gypsum CO.,,https://www.facebook.com/GForceAR,,10.519
Forge Marketing & Management Pty.,,,https://www.facebook.com/workitstudio/,abreakdisabilityandrespite.com,A Break Disability and Respite,A Break Disability and Respite Services PTY.,A Break Disability and Respite | A Break Disability and Respite Services PTY. | Respite Services PTY LTD. | A Break Disability and Respite Services,+15616183049,,,8.550
A W Brueggemann Co.,awbrueggemann.com,,,awbrueggemann.com,A W Brueggemann Co.,A W Brueggemann Co.,A W Brueggemann Co. | A.W. Brueggemann | A.W. Brueggemann Company Inc.,+15802370068 | +15802373857,,,44.719
A W Brueggemann Co.,awbrueggemann.com,,,cwenergyusa.com,C&W Energy Solutions,C&W Energy Solutions LLC.,Chips & Wafers Inc. | C&W Energy Solutions LLC. | C&W Energy USA | Wafers Inc. | C&W Energy Solutions,+14809981694,https://www.twitter.com/cwenergyusa1 | https://www.facebook.com/cwenergyusa/ | https://www.linkedin.com/company/cwenergy/about/,,12.234
A W Brueggemann Co.,awbrueggemann.com,,,adaini.com,A daini,,A daini | ALEXANDRA DAINI,,,,11.343
A W Brueggemann Co.,awbrueggemann.com,,,cleaningsvccolumbiafalls.com,Cleaning Co.,Cleaning Co.,Cleaning Co.,,,,11.020
A W Brueggemann Co.,awbrueggemann.com,,,aspecialtouchflorist.net,A Special Touch Florist,,A Special Touch Florist,,,,10.744
A W Brueggemann Co.,awbrueggemann.com,,,amwindowcleaning.org,A & M Window Cleaning,,A & M Window Cleaning,,,,10.744
A W Brueggemann Co.,awbrueggemann.com,,,astepabovemb.com,A Step Above Flooring,Step Above LLC.,A Step Above Flooring | A Step Above Flooring - Home | Step Above LLC.,,https://www.facebook.com/A-Step-Above-Flooring-810287332403927/ | https://twitter.com/AStepAboveMB | https://instagram.com/astepaboveflooring/,"721 Sandy Ln. Unit FMyrtle Beach, SC 29575 (https://goo.gl/maps/3uGxVnpksyq)",9.763
A W Brueggemann Co.,awbrueggemann.com,,,morrisholmes.com,Morris Holmes & Co.,Morris Holmes & Co.,Morris Holmes & Co. | Morris Holmes & Co. Inc.,+16305251350,,,9.684
A W Brueggemann Co.,awbrueggemann.com,,,teitelbaumco.com,Michael J. Teitelbaum Co.,Michael J. Teitelbaum Co.,Michael J. Teitelbaum Co. | Teitelbaum Co. | Teitelbaum Michael J | Teitelbaum Co. L.P.,,,,9.481
A W Brueggemann Co.,awbrueggemann.com,,,pastorecompany.com,Pastore Houldsworth & Co.,Pastore Houldsworth & Co.,Pastore Houldsworth & Co. | Pastore Houldsworth & Co. LLC. | Pastorecompany,,,,9.443
Blue Ridge Chair - Limited,https://www.blueridgechair.com,,,blueridgechair.com,Blue Ridge Chair,Blue Ridge Chair - Limited,Blue Ridge Chair | Blue Ridge Chair Works | Blue Ridge Chair - Limited,,https://www.facebook.com/pages/Blue-Ridge-Chair-Works/276930045675311 | https://www.instagram.com/blueridgechairworks/,,49.739
Blue Ridge Chair - Limited,https://www.blueridgechair.com,,,bluestreakgrinding.com,Blue Streak Grinding,,Blue Streak Grinding | Blue Streak | Bell Helicopter Textron Inc.,+16023538088,,,12.247
Blue Ridge Chair - Limited,https://www.blueridgechair.com,,,openairchair.com,Open Air Chair Repair,,Open Air Chair Repair | Open Air Chair,+13037983220,,,11.879
Blue Ridge Chair - Limited,https://www.blueridgechair.com,,,therealbcmg.com,BLUE COLLAR MUSIC GROUP,,BLUE COLLAR MUSIC GROUP,,https://www.facebook.com/therealbcmg/ | https://twitter.com/The_RealBCMG | https://www.instagram.com/therealbcmg/,,11.866
Blue Ridge Chair - Limited,https://www.blueridgechair.com,,,hairdesigners-hairsalon.business.site,Hair Designers Hair Salon,,Hair Designers Hair Salon | Hair Designers,,,,10.833
Blue Ridge Chair - Limited,https://www.blueridgechair.com,,,thephotoboothunlimited.com,PhotoBooth Unlimited,PhotoBooth Unlimited LLC.,PhotoBooth Unlimited | PhotoBooth Unlimited LLC. | Thephotoboothunlimited,+19514121624 | +16513637249,https://m.facebook.com/PhotoBooth-Unlimited-108576848318847/,,10.593
Blue Ridge Chair - Limited,https://www.blueridgechair.com,,,asahisuperdry.com,Asahi Super Dry,Asahi Europe Limited,Asahi Super Dry | Asahi Europe Limited | Asahi Group Holdings Ltd. | Super Dry,,,,10.138
Blue Ridge Chair - Limited,https://www.blueridgechair.com,,,rethinkingwealth.org,Rethinking Wealth,The Ron Blue Institute,Rethinking Wealth | The Ron Blue Institute,+12018101725,https://www.facebook.com/RethinkingWealth/ | https://www.linkedin.com/company/18005206/,,10.096
Blue Ridge Chair - Limited,https://www.blueridgechair.com,,,mhkeratin.com,Mai Hair Keratin,,Mai Hair Keratin | MAI HAIR,+16137925352 | +16137925351,,,9.894
Blue Ridge Chair - Limited,https://www.blueridgechair.com,,,yourhairdynasty.com,Your Hair Dynasty,Your Hair Dynasty LLC.,Your Hair Dynasty | Your Hair Dynasty LLC. | Your Hair,,https://www.instagram.com/yourhairdynasty | https://www.facebook.com/yourhairdynasty | https://www.twitter.com/yourhairdynasty,,9.664
Cedar Work Inc.,cedarwork.org,,,cedarwork.org,Cedar Work,,Cedar Work | Cedar Work International,,,,40.142
Cedar Work Inc.,cedarwork.org,,,imageworksdirect.com,Image Works,Image Works Ltd.,Image Works | Image.works financial | Image Works Ltd. | Image.works Inc.,,https://www.facebook.com/imageworksdirect | https://www.instagram.com/imageworksdirect/ | https://www.linkedin.com/company/image-works-direct,,13.014
Cedar Work Inc.,cedarwork.org,,,wombatworks.org,Wombat Works,Wombat Works LLC.,Wombat Works | Wombat Works LLC.,,https://www.facebook.com/wombatworksllc | https://twitter.com/WombatWorks,,11.737
Cedar Work Inc.,cedarwork.org,,,airprofork.com,AirPro Fork,,AirPro Fork,,http://instagram.com/airprofork,,11.294
Cedar Work Inc.,cedarwork.org,,,workitstudio.com,Work It! Studio by WandaWoman,Forge Marketing & Management Pty.,Work It! Studio by WandaWoman | Work It! Studio | Forge Marketing & Management Pty.,,,,11.285
Cedar Work Inc.,cedarwork.org,,,wordofgodokc.com,Word of God Church OKC,,Word of God Church OKC | Word of God Church | The Word of God Church,+14052865303,https://www.instagram.com/wordofgodokc/ | https://www.facebook.com/wordofGodchurchokc/,https://maps.google.com/?cid=480125834030913923,9.716
Cedar Work Inc.,cedarwork.org,,,avonnylocksmith.com,Avon New York Locksmith,,Avon New York Locksmith,+15852991038,https://twitter.com/avonnylock,"https://maps.google.com/?cid=8879909396598721332 | 275 E Main St, Avon, NY, 14414",9.314
Cedar Work Inc.,cedarwork.org,,,vividsalonmadison.com,Vivid Inc.,Vivid Inc.,Vivid Inc. | Vivid salon,,,,8.011
Cedar Work Inc.,cedarwork.org,,,wheeinc.com,Whee Inc.,Whee Inc.,Whee Inc. | Woodruff & Howe Environmental Engineering Inc.,,,,8.011
Cedar Work Inc.,cedarwork.org,,,impaxinc.com,IMPAX INC.,IMPAX INC.,IMPAX INC. | Impax Corp.,+17178468004 | +17178456446,,"495 Maryland Ave, York, PA 17404",8.011
Inc.,,,https://facebook.com/bluemercury,bluemercury.com,Bluemercury,Bluemercury Inc.,Bluemercury | Bluemercury Inc.,,https://www.instagram.com/bluemercury/ | https://www.facebook.com/bluemercury/,,13.912
Inc.,,,https://facebook.com/bluemercury,clockinc.org,Clock Inc.,Clock Inc.,Clock Inc. | Free Clock Inc.,+13095580956,http://facebook.com/clock.inc.qc | https://www.instagram.com/clockinclgbt/ | https://twitter.com/clockincLGBT | https://www.linkedin.com/in/clockinc/ | https://www.facebook.com/designs.chasing,,10.285
Inc.,,,https://facebook.com/bluemercury,dolee-rentals.com,DoLee Rentals Inc.,DoLee Rentals Inc.,DoLee Rentals Inc. | DOLEE RENTALS | DoLee Rentals Inc. DoLee Rentals,+12294369620 | +12293445037,https://facebook.com/DoLee-Rentals-Inc-141860142549724 | https://twitter.com/DexYPHQ/,"1001 W Oglethorpe Blvd, Albany, GA 31701",9.733
Inc.,,,https://facebook.com/bluemercury,hollytreeservice.net,Holly Tree Service. Inc.,Holly Tree Service. Inc.,Holly Tree Service. Inc. | Holly Tree Service,+18454772104,https://facebook.com/profile.php?id=100091209788929 | https://instagram.com/hollytreeservice,,8.991
Inc.,,,https://facebook.com/bluemercury,vividsalonmadison.com,Vivid Inc.,Vivid Inc.,Vivid Inc. | Vivid salon,,,,8.011
Inc.,,,https://facebook.com/bluemercury,wheeinc.com,Whee Inc.,Whee Inc.,Whee Inc. | Woodruff & Howe Environmental Engineering Inc.,,,,8.011
Inc.,,,https://facebook.com/bluemercury,impaxinc.com,IMPAX INC.,IMPAX INC.,IMPAX INC. | Impax Corp.,+17178468004 | +17178456446,,"495 Maryland Ave, York, PA 17404",8.011
Inc.,,,https://facebook.com/bluemercury,frenchlakeautoparts.com,French Lake Auto Parts Inc.,French Lake Auto Parts Inc.,French Lake Auto Parts Inc. | French Lake Auto Parts,+13202748497,https://facebook.com/FrenchLakeAutoParts | https://twitter.com/Flapmn | https://instagram.com/accounts/login/?next=%2Ffrenchlakeautoparts%2F,,7.830
Inc.,,,https://facebook.com/bluemercury,kathrynanndesigns.com,Kathryn Ann Designs,SpitFire Petite Inc.,Kathryn Ann Designs | SpitFire Petite Inc.,+16137485172 | +16137485171,https://facebook.com/Kathrynanndesignsfun | http://instagram.com/kathrynanndesigns,,7.389
Inc.,,,https://facebook.com/bluemercury,projectgestalt.com,Project Gestalt Inc.,Project Gestalt Inc.,Project Gestalt Inc. | Project Gestalt,,https://www.linkedin.com/company/project-gestalt/about/ | https://www.linkedin.com/in/patty-clark-2874281bb/ | https://www.linkedin.com/in/neil-glenn-jacobson/,,6.968
..,steppir.com,,,steppir.com,SteppIR Communication Systems,SteppIR Inc.,SteppIR Communication Systems | SteppIR | SteppIR Inc.,,,,6.498
